-- phpMyAdmin SQL Dump
-- version 5.2.0
-- https://www.phpmyadmin.net/
--
-- Host: 127.0.0.1
-- Generation Time: Jan 25, 2024 at 01:24 PM
-- Server version: 10.4.27-MariaDB
-- PHP Version: 7.4.33

SET SQL_MODE = "NO_AUTO_VALUE_ON_ZERO";
START TRANSACTION;
SET time_zone = "+00:00";


/*!40101 SET @OLD_CHARACTER_SET_CLIENT=@@CHARACTER_SET_CLIENT */;
/*!40101 SET @OLD_CHARACTER_SET_RESULTS=@@CHARACTER_SET_RESULTS */;
/*!40101 SET @OLD_COLLATION_CONNECTION=@@COLLATION_CONNECTION */;
/*!40101 SET NAMES utf8mb4 */;

--
-- Database: `test11`
--

-- --------------------------------------------------------

--
-- Table structure for table `album`
--

CREATE TABLE `album` (
  `id` int(11) NOT NULL,
  `user_id` int(11) NOT NULL,
  `name` varchar(100) NOT NULL
) ENGINE=InnoDB DEFAULT CHARSET=utf8mb4 COLLATE=utf8mb4_general_ci;

--
-- Dumping data for table `album`
--

INSERT INTO `album` (`id`, `user_id`, `name`) VALUES
(3, 10, 'fg'),
(4, 10, 'fgdd'),
(5, 14, 'fix'),
(6, 14, 'view'),
(7, 14, 'album new'),
(8, 28, 'my favorite');

-- --------------------------------------------------------

--
-- Table structure for table `chat_message`
--

CREATE TABLE `chat_message` (
  `id` int(11) NOT NULL,
  `sender_id` int(11) DEFAULT NULL,
  `receiver_id` int(11) DEFAULT NULL,
  `content` text NOT NULL,
  `timestamp` timestamp NOT NULL DEFAULT current_timestamp()
) ENGINE=InnoDB DEFAULT CHARSET=utf8mb4 COLLATE=utf8mb4_general_ci;

--
-- Dumping data for table `chat_message`
--

INSERT INTO `chat_message` (`id`, `sender_id`, `receiver_id`, `content`, `timestamp`) VALUES
(1, 28, 14, 'fdf', '2024-01-10 07:13:31'),
(2, 28, 29, 'ok', '2024-01-10 07:17:34'),
(3, 28, 29, 'okis', '2024-01-10 07:23:11'),
(4, 14, 28, 'fg', '2024-01-10 07:23:43'),
(5, 28, 14, 'oki con de', '2024-01-10 07:24:10'),
(6, 28, 14, 'oki men', '2024-01-10 08:08:51'),
(7, 14, 29, 'mn', '2024-01-10 08:11:10');

-- --------------------------------------------------------

--
-- Table structure for table `comment`
--

CREATE TABLE `comment` (
  `id` int(11) NOT NULL,
  `user_id` int(11) NOT NULL,
  `image_id` int(11) NOT NULL,
  `comment_text` text NOT NULL,
  `timestamp` datetime DEFAULT NULL
) ENGINE=InnoDB DEFAULT CHARSET=utf8mb4 COLLATE=utf8mb4_general_ci;

--
-- Dumping data for table `comment`
--

INSERT INTO `comment` (`id`, `user_id`, `image_id`, `comment_text`, `timestamp`) VALUES
(1, 10, 2, 'ok', '2023-11-14 10:22:06'),
(2, 10, 2, 'gfs', '2023-11-14 10:22:12'),
(3, 10, 2, 'gfs', '2023-11-14 10:22:37'),
(4, 13, 2, 'fdg', '2023-11-14 10:26:02'),
(5, 10, 3, 'vc', '2023-11-22 14:02:44'),
(6, 10, 3, 'vc', '2023-11-22 14:03:10'),
(7, 10, 3, 'vc', '2023-11-22 14:03:26'),
(8, 10, 3, 'love', '2023-11-22 14:03:34'),
(9, 14, 18, 'hg', '2023-11-22 14:59:48'),
(10, 14, 2, 'ui dep', '2023-12-07 13:48:02'),
(11, 10, 3, 'sds', '2023-12-10 15:32:39'),
(12, 10, 3, 'ok', '2023-12-10 15:32:45'),
(13, 10, 3, 'ok', '2023-12-10 15:33:05'),
(14, 10, 2, 'tuyet voi', '2023-12-25 15:10:13');

-- --------------------------------------------------------

--
-- Table structure for table `follow`
--

CREATE TABLE `follow` (
  `id` int(11) NOT NULL,
  `follower_id` int(11) NOT NULL,
  `following_id` int(11) NOT NULL,
  `timestamp` datetime DEFAULT NULL
) ENGINE=InnoDB DEFAULT CHARSET=utf8mb4 COLLATE=utf8mb4_general_ci;

--
-- Dumping data for table `follow`
--

INSERT INTO `follow` (`id`, `follower_id`, `following_id`, `timestamp`) VALUES
(1, 10, 3, '2023-11-13 15:30:44'),
(2, 10, 6, '2023-11-13 15:30:52'),
(3, 12, 7, '2023-11-13 15:33:11'),
(5, 10, 9, '2023-11-13 15:37:01'),
(10, 13, 3, '2023-11-13 15:54:18'),
(13, 13, 11, '2023-11-13 16:04:41'),
(36, 13, 10, '2023-11-14 09:44:59'),
(41, 10, 13, '2023-11-15 16:57:21'),
(46, 14, 10, '2023-11-23 12:36:06'),
(47, 28, 14, '2024-01-02 13:49:50'),
(48, 10, 14, '2024-01-02 13:50:19'),
(53, 29, 14, '2024-01-07 16:56:41');

-- --------------------------------------------------------

--
-- Table structure for table `hashtag`
--

CREATE TABLE `hashtag` (
  `id` int(11) NOT NULL,
  `name` varchar(50) NOT NULL
) ENGINE=InnoDB DEFAULT CHARSET=utf8mb4 COLLATE=utf8mb4_general_ci;

--
-- Dumping data for table `hashtag`
--

INSERT INTO `hashtag` (`id`, `name`) VALUES
(23, 'animal'),
(9, 'art'),
(25, 'beauty'),
(24, 'bird'),
(18, 'car'),
(22, 'cat'),
(14, 'cook'),
(13, 'cooking'),
(21, 'dog'),
(10, 'fanatxy'),
(12, 'fantaxy'),
(17, 'flower'),
(19, 'garden'),
(8, 'love'),
(6, 'nature'),
(5, 'people'),
(15, 'sport'),
(3, 'yeu');

-- --------------------------------------------------------

--
-- Table structure for table `image`
--

CREATE TABLE `image` (
  `id` int(11) NOT NULL,
  `user_id` int(11) NOT NULL,
  `image_path` varchar(200) NOT NULL,
  `caption` varchar(200) DEFAULT NULL,
  `timestamp` datetime DEFAULT NULL,
  `album_id` int(11) DEFAULT NULL,
  `description` varchar(255) DEFAULT NULL,
  `link` varchar(255) DEFAULT NULL,
  `views` int(11) DEFAULT 0,
  `allow_comments` tinyint(1) NOT NULL DEFAULT 1
) ENGINE=InnoDB DEFAULT CHARSET=utf8mb4 COLLATE=utf8mb4_general_ci;

--
-- Dumping data for table `image`
--

INSERT INTO `image` (`id`, `user_id`, `image_path`, `caption`, `timestamp`, `album_id`, `description`, `link`, `views`, `allow_comments`) VALUES
(2, 10, 'cat.jpg', 'dfgg', '2023-11-14 09:16:12', NULL, 'Nonedfd', 'None', 97, 1),
(3, 13, 'Screenshot_2023-11-13_220209.png', 'f', '2023-11-14 09:49:32', NULL, NULL, NULL, 59, 1),
(5, 10, 'dog-puppy-on-garden-royalty-free-image-1586966191.jpg', 'Nones', '2023-11-15 17:04:04', NULL, 'Nonef', 'Noness', 73, 1),
(6, 10, 'dog-puppy-on-garden-royalty-free-image-1586966191.jpg', 'g', '2023-11-15 17:34:39', NULL, 'None', 'None', 38, 1),
(7, 10, 'Screenshot_2023-11-13_220209.png', 'j', '2023-11-15 17:47:47', NULL, NULL, NULL, 0, 1),
(10, 10, 'cat.jpg', 'h', '2023-11-15 17:59:56', NULL, NULL, NULL, 14, 1),
(11, 10, '01745f6b5a70e6b39fd419e4d5cbcb8e.jpg', 'fg', '2023-11-20 10:35:55', NULL, NULL, NULL, 13, 1),
(12, 10, '32550c5334a9b604d24c422682fd1a02.jpg', 'fanasy', '2023-11-20 10:54:50', NULL, NULL, NULL, 27, 1),
(13, 10, 'fantasy_world_by_ignisfatuusii_d9mqjtb-fullview.jpg', 'hh', '2023-11-20 11:04:34', NULL, NULL, NULL, 19, 1),
(14, 9, '1416hinh_anh_chu_ngua_o_dung_man-1667380309457.jpg', '', '2023-11-20 14:00:18', NULL, NULL, NULL, 5, 1),
(15, 14, '2023-11-01T16.55.43.275854_OIP.jpg', 'cat loves', '2023-11-20 15:31:01', NULL, NULL, NULL, 16, 1),
(16, 14, '2560px-A-Cat.jpg', 'j', '2023-11-20 15:33:25', NULL, NULL, NULL, 3, 1),
(17, 14, 'blue-tabby-maine-coon-cat-running-outdoors_Nils-Jacobi_Shutterstock.jpg', '', '2023-11-20 15:42:23', NULL, NULL, NULL, 6, 1),
(18, 14, 'group-portrait-of-adorable-puppies-royalty-free-image-1687451786.jpg', '', '2023-11-20 15:42:29', NULL, NULL, NULL, 3, 1),
(19, 14, 'sunflower.jpg', 'gh', '2023-11-22 17:20:42', 5, NULL, NULL, 3, 1),
(20, 14, 'buong.jpg', 'oki', '2023-11-23 11:21:54', NULL, NULL, NULL, 1, 1),
(21, 14, 'image_2.png', 'sdf', '2023-11-26 09:11:25', NULL, 'None', 'None', 1, 1),
(22, 14, 'image.png', 'fdgf', '2023-11-26 09:14:15', NULL, NULL, NULL, 0, 1),
(23, 14, 'image.png', 'fdgf', '2023-11-26 09:15:28', NULL, NULL, NULL, 0, 1),
(24, 14, 'buong.jpg', 'sdg', '2023-11-26 09:16:35', NULL, NULL, NULL, 3, 1),
(25, 10, 'buong.jpg', 'sdf', '2023-11-27 13:06:59', NULL, NULL, NULL, 0, 1),
(26, 10, 'cfa23dca5cf2bc52b2b186a2d2ff2cd1.jpg', 'sdf', '2023-11-27 13:13:23', NULL, NULL, NULL, 0, 1),
(27, 10, '360_F_156144336_s2Zogfcqap2E3WUm7CaduUA0JKpdt6xb.jpg', 'Fantasy art', '2023-11-27 15:37:03', NULL, 'Beautyfull', 'https://stock.adobe.com/vn/search?k=fantasy', 11, 1),
(28, 10, 'tai_xuong_4.jpg', 'cooking', '2023-12-25 14:53:19', NULL, 'mádsdaksd', 'sfdsfs', 4, 1),
(29, 10, 'images_1.jpg', 'dsf', '2023-12-25 15:34:08', NULL, 'df', 'sdsad', 3, 1),
(30, 10, '6.jpg', 'ok', '2024-01-02 15:10:36', NULL, 'sdf', 'sf', 2, 1),
(31, 10, '1.jpg', 'sd', '2024-01-02 15:14:52', NULL, 'dfg', 'sdf', 2, 1),
(32, 10, '11.jpg', 'ád', '2024-01-02 15:20:10', NULL, 'df', 'df', 0, 1),
(33, 10, '11.jpg', 'ád', '2024-01-02 15:21:36', NULL, 'df', 'df', 1, 1),
(34, 10, '37.jpg', 'sdfd', '2024-01-02 15:22:32', NULL, 'dfg', 'áds', 2, 0),
(35, 10, '23.jpg', 'dfsd', '2024-01-02 15:38:34', NULL, 'dgfd', 'sfsdf', 2, 0),
(36, 10, '26.jpg', 'fgd', '2024-01-02 15:40:24', NULL, 'fg', 'sdf', 1, 0),
(37, 10, '40.jpg', 'fg', '2024-01-02 15:46:20', NULL, 'fgh', 'sdf', 1, 0),
(38, 10, '38.jpg', 'df', '2024-01-02 15:49:06', NULL, 'fg', 'sd', 3, 0),
(39, 28, 'vibrant_hummingbird_symphony_by_abdallahalswaiti_dgobhdu-250t-2x.jpg', 'sdf', '2024-01-06 15:07:42', 8, 'sdf', 'sfdfd', 1, 1),
(40, 28, 'the_big_one_by_espion678_dgobvif-414w-2x.jpg', 'sdf', '2024-01-06 15:08:33', NULL, 'd', 'sdf', 2, 0),
(41, 28, 'splendor_of_feathers_by_aiflux_dgo9kq6-350t-2x.jpg', 'sdf', '2024-01-06 15:09:00', 8, 'ds', 'sdfsd', 6, 1),
(42, 28, 'pastel_burst_budgie_by_abdallahalswaiti_dgobnvy-350t-2x.jpg', 'mkasd', '2024-01-06 15:09:33', NULL, 'sdf', 'sadfd', 2, 1),
(43, 28, 'golden_grace_by_boxjohnf_dgoegqk-350t-2x.jpg', 'bird', '2024-01-06 15:17:51', NULL, 'ádmasdm', 'sda', 3, 1),
(44, 28, 'eagle_bird_in_the_winter_by_dev12k4_dgo9u06-300w-2x.jpg', 'bird', '2024-01-06 15:19:02', NULL, 'beauty', 'mkomfn', 0, 1),
(45, 28, 'dreamup_creation_by_trace01m_dgmy1an-350t-2x.jpg', 'Fantasy art', '2024-01-06 15:20:20', NULL, 'fire', 'none', 4, 0),
(46, 28, 'default_bird_around_her_flowers_beautiful_sunset_1_by_aryan_angel92_dgob5lq-350t-2x.jpg', 'Fantasy art', '2024-01-06 15:21:09', NULL, 'art', 'none', 0, 1),
(47, 28, 'daily_owl_by_sheikkinen_dgoe2bt-414w-2x.jpg', 'sdf', '2024-01-06 15:22:44', NULL, 'fg', 'none', 0, 1),
(48, 28, 'pexels-svetozar-milashevich-1490908.jpg', 'sdf', '2024-01-06 15:31:42', NULL, 'dfg', 'fghfg', 5, 1),
(49, 14, 'dog2.jpg', 'fgh', '2024-01-06 15:32:24', NULL, 'dfg', 'dfdsf', 1, 0),
(50, 14, 'dog-5357794_640.jpg', 'gh', '2024-01-06 15:32:51', 5, 'dfg', 'sdf', 2, 1),
(51, 14, 'labrador-retriever-1210559_640.jpg', 'dsf', '2024-01-06 15:33:16', NULL, 'fd', 'ád', 4, 1),
(52, 14, 'My_dog.jpg', 'dfg', '2024-01-06 15:33:41', 6, 'sdf', 'dfgfgd', 3, 0);

-- --------------------------------------------------------

--
-- Table structure for table `image_hashtags`
--

CREATE TABLE `image_hashtags` (
  `id` int(11) NOT NULL,
  `image_id` int(11) NOT NULL,
  `hashtag_id` int(11) NOT NULL
) ENGINE=InnoDB DEFAULT CHARSET=utf8mb4 COLLATE=utf8mb4_general_ci;

--
-- Dumping data for table `image_hashtags`
--

INSERT INTO `image_hashtags` (`id`, `image_id`, `hashtag_id`) VALUES
(3, 24, 3),
(5, 25, 5),
(11, 12, 8),
(12, 5, 5),
(13, 11, 9),
(14, 11, 10),
(19, 2, 12),
(28, 28, 13),
(29, 28, 14),
(34, 29, 15),
(38, 34, 17),
(39, 35, 18),
(40, 36, 19),
(41, 38, 9),
(42, 38, 17),
(44, 5, 5),
(45, 5, 21),
(47, 5, 5),
(48, 5, 21),
(49, 5, 5),
(50, 5, 21),
(51, 5, 5),
(52, 5, 21),
(53, 6, 21),
(54, 2, 12),
(55, 2, 22),
(56, 2, 12),
(57, 2, 22),
(58, 2, 23),
(59, 21, 10),
(60, 39, 9),
(61, 39, 24),
(62, 40, 9),
(63, 40, 24),
(64, 41, 9),
(65, 41, 24),
(66, 42, 9),
(67, 42, 24),
(68, 43, 9),
(69, 43, 24),
(70, 44, 9),
(71, 44, 24),
(72, 45, 9),
(73, 45, 24),
(74, 46, 9),
(75, 46, 24),
(76, 47, 9),
(77, 47, 24),
(78, 48, 21),
(79, 49, 21),
(80, 50, 21),
(81, 51, 21),
(82, 52, 21),
(83, 39, 9),
(84, 39, 24),
(85, 39, 25),
(86, 39, 9),
(87, 39, 25),
(88, 39, 24),
(89, 41, 9),
(90, 41, 24);

-- --------------------------------------------------------

--
-- Table structure for table `like`
--

CREATE TABLE `like` (
  `id` int(11) NOT NULL,
  `user_id` int(11) NOT NULL,
  `image_id` int(11) NOT NULL,
  `timestamp` datetime DEFAULT NULL
) ENGINE=InnoDB DEFAULT CHARSET=utf8mb4 COLLATE=utf8mb4_general_ci;

--
-- Dumping data for table `like`
--

INSERT INTO `like` (`id`, `user_id`, `image_id`, `timestamp`) VALUES
(17, 10, 10, '2023-11-22 11:59:36'),
(21, 10, 5, '2023-11-22 13:21:11'),
(24, 14, 18, '2023-11-22 15:58:33'),
(27, 14, 13, '2023-11-22 16:28:20'),
(28, 14, 16, '2023-11-22 16:28:36'),
(30, 10, 3, '2023-12-07 13:43:32'),
(31, 10, 12, '2023-12-07 13:44:29'),
(32, 10, 6, '2023-12-07 13:46:00'),
(33, 10, 2, '2023-12-07 13:46:18'),
(35, 14, 2, '2023-12-07 13:47:53'),
(36, 10, 13, '2023-12-10 15:03:43'),
(37, 28, 2, '2024-01-04 08:31:10'),
(38, 28, 12, '2024-01-04 08:31:38'),
(39, 28, 19, '2024-01-04 08:31:47'),
(40, 28, 16, '2024-01-04 08:31:56'),
(41, 28, 17, '2024-01-04 08:32:40'),
(42, 28, 28, '2024-01-04 08:32:50'),
(43, 28, 3, '2024-01-06 15:47:06'),
(44, 28, 45, '2024-01-10 15:52:24'),
(45, 28, 41, '2024-01-12 22:18:22');

-- --------------------------------------------------------

--
-- Table structure for table `notification`
--

CREATE TABLE `notification` (
  `id` int(11) NOT NULL,
  `user_id` int(11) NOT NULL,
  `content` varchar(200) NOT NULL,
  `timestamp` datetime DEFAULT NULL
) ENGINE=InnoDB DEFAULT CHARSET=utf8mb4 COLLATE=utf8mb4_general_ci;

-- --------------------------------------------------------

--
-- Table structure for table `pinned_image`
--

CREATE TABLE `pinned_image` (
  `id` int(11) NOT NULL,
  `image_id` int(11) NOT NULL,
  `pin_board_id` int(11) NOT NULL
) ENGINE=InnoDB DEFAULT CHARSET=utf8mb4 COLLATE=utf8mb4_general_ci;

--
-- Dumping data for table `pinned_image`
--

INSERT INTO `pinned_image` (`id`, `image_id`, `pin_board_id`) VALUES
(2, 12, 2),
(7, 11, 4),
(8, 5, 5),
(9, 48, 5),
(10, 2, 2),
(11, 51, 5),
(12, 52, 5);

-- --------------------------------------------------------

--
-- Table structure for table `pin_board`
--

CREATE TABLE `pin_board` (
  `id` int(11) NOT NULL,
  `user_id` int(11) NOT NULL,
  `name` varchar(100) NOT NULL
) ENGINE=InnoDB DEFAULT CHARSET=utf8mb4 COLLATE=utf8mb4_general_ci;

--
-- Dumping data for table `pin_board`
--

INSERT INTO `pin_board` (`id`, `user_id`, `name`) VALUES
(2, 28, 'test'),
(4, 28, 'test'),
(5, 10, 'dog');

-- --------------------------------------------------------

--
-- Table structure for table `report_image`
--

CREATE TABLE `report_image` (
  `id` int(11) NOT NULL,
  `user_id` int(11) NOT NULL,
  `image_id` int(11) NOT NULL,
  `reason` varchar(255) NOT NULL,
  `timestamp` datetime DEFAULT current_timestamp()
) ENGINE=InnoDB DEFAULT CHARSET=utf8mb4 COLLATE=utf8mb4_general_ci;

--
-- Dumping data for table `report_image`
--

INSERT INTO `report_image` (`id`, `user_id`, `image_id`, `reason`, `timestamp`) VALUES
(1, 14, 24, 'df', '2023-12-08 16:00:52'),
(2, 14, 13, 'df', '2023-12-08 16:10:17'),
(3, 10, 21, 'vi pham', '2023-12-11 16:08:56');

-- --------------------------------------------------------

--
-- Table structure for table `savedimage`
--

CREATE TABLE `savedimage` (
  `id` int(11) NOT NULL,
  `user_id` int(11) DEFAULT NULL,
  `image_id` int(11) DEFAULT NULL,
  `timestamp` datetime DEFAULT current_timestamp()
) ENGINE=InnoDB DEFAULT CHARSET=utf8mb4 COLLATE=utf8mb4_general_ci;

--
-- Dumping data for table `savedimage`
--

INSERT INTO `savedimage` (`id`, `user_id`, `image_id`, `timestamp`) VALUES
(4, 14, 3, '2023-11-26 08:49:18'),
(5, 14, 2, '2023-11-26 08:59:58'),
(7, 10, 6, '2023-12-10 14:31:49'),
(8, 10, 2, '2023-12-16 09:09:57'),
(9, 10, 27, '2023-12-20 03:03:52'),
(10, 28, 3, '2024-01-06 15:47:09');

-- --------------------------------------------------------

--
-- Table structure for table `user`
--

CREATE TABLE `user` (
  `id` int(11) NOT NULL,
  `username` varchar(50) NOT NULL,
  `password` varchar(100) NOT NULL,
  `email` varchar(120) NOT NULL,
  `avatar` varchar(200) DEFAULT NULL,
  `type` int(11) DEFAULT NULL,
  `password_reset_code` varchar(6) DEFAULT NULL
) ENGINE=InnoDB DEFAULT CHARSET=utf8mb4 COLLATE=utf8mb4_general_ci;

--
-- Dumping data for table `user`
--

INSERT INTO `user` (`id`, `username`, `password`, `email`, `avatar`, `type`, `password_reset_code`) VALUES
(1, 'bi123', 'pbkdf2:sha256:600000$71MMZOdzDFTX5sMR$66c444cf191f2251769a57d3736f5c99d27bf984d6379b1ed5c994be1386d8', 'bi@gmail.com', NULL, 3, NULL),
(3, 'bi111', 'pbkdf2:sha256:600000$3UI3r5UkcNLT1fXO$3842f976cd6b9567a92a670ef189d409d0db22e9e770d44ab614f0f5c72b3e', 'bi11@gmail.com', NULL, 2, NULL),
(5, 'bi1111', 'pbkdf2:sha256:600000$s2Cpnq2DZcZazd70$ab3ecaa283b5c1b81eb376a6106146087c355632860f190658815b6d4ea9fa', 'bv@gmail.com', NULL, 2, NULL),
(6, 'test', 'pbkdf2:sha256:600000$9zgPQb3NC5S330vx$e053dd12fdaaf908c5f28228a765df5ec8dac2c1e1d166712af2da957f941d', 'test@gmail.com', NULL, 2, NULL),
(7, 'biu', '$2b$12$5TgxIiuUFiZfSWAx0yBzwuvjaz7dehh0Q1arWEAyLH96iTYkBP2CK', 'bmn@gmail.com', 'uploads\\cat.jpg', 2, NULL),
(9, 'minh', '$2b$12$U/oD1fBRhfYDiHHAWHmKsec4aEWQ657mWNZ.V9Re27I4iUNheE47O', 'mi@gmail.com', 'cat.jpg', 2, NULL),
(10, 'biu1', '$2b$12$Ur82ec0AA3Vzz4kgBujmpuHUeW30jpVcwFvmRCKo/VfkVYTRqFXDG', 'dvbi.dev@gmail.com', 'tai_xuong_4.jpg', 2, NULL),
(11, 'biii', '$2b$12$v2zB3OMS8RfRGctaMUaRh.y78vUYDGHN81kNL2UgoQ6fgPXnwAOpa', 'biii@gmai.com', 'Screenshot_2023-11-13_220209.png', 2, NULL),
(12, 'belun', '$2b$12$8YdVu1QJbg/l3PVQ2DQQRePSB7R506tbzDc8C7CrMvicBJyy2WaT2', 'mfn@gmail.com', NULL, 2, NULL),
(13, 'aaa', '$2b$12$ydVXFJ5./YJwq0fOI3vABu8ITc/lInBM5lzZSnesbcnozTnPZ/jIe', 'aaa@gmail.com', NULL, 2, NULL),
(14, 'minh1', '$2b$12$c25wjU46TepxylpzFu7RxOebz0ZCbGFnwBIzwCLGpp8i9YDwWDCFu', 'minh1@gmail.com', 'buong.jpg', 2, NULL),
(21, 'admin', '$2b$12$LdC7Xr3r3SZzW.WCSY2K6etZoTHxCJVIcSuPCaPtdOqqbb5UAo5ji', 'admin@gmail.com', 'management.png', 0, NULL),
(22, 'staff1', '$2b$12$BJezr8aNFpglG0wOKpVnruRcbmuGusrCbHvuc8E8sZUdx22.EJpHS', 'staff1@gmail.com', 'management.png', 1, NULL),
(23, 'staff2', '$2b$12$Y7hcNYv9.oZbp742hiFeZeAcvMABfNICwrDa2sPi49Zp4vCcI1a8S', 'staff2@gmail.com', 'management.png', 1, NULL),
(24, 'okiokca', '$2b$12$g03Yyx/UgGyTuq4do9NWe.yAo0r.hJnmrFkrwKm7ewYkyw/a5j/zK', 'okiokca@gmail.com', NULL, 3, NULL),
(25, 'okiokca1', '$2b$12$7sTyWQFauhCBNJ1HegM5AOoaUD7eeNXQjIGNUdW3j6BNOGGcPF45y', 'okiokca1@gmail.com', NULL, 3, NULL),
(26, 'buong', '$2b$12$D67jPFp8yIsji0lfUncrq.41xaZb52qwuwcANYOL7JtcG1XR5ZLEa', 'buong@gmail.com', NULL, NULL, NULL),
(27, 'staff3', '$2b$12$JJStFWh6E7Bw3Drr9mspOev7MNAEFs28C3QILXYjywQ64JRxArFRC', 'staff3@gmail.con', 'management.png', 1, NULL),
(28, 'biduong', '$2b$12$ueTVWhh37CXLcrBxycHmnuRXJfAINkg2eqRmAseUeMpgosY/J99vq', 'dvbi.19it5@vku.udn.vn', '2-b1-a1-7612-1456906706.jpg', 2, NULL),
(29, 'minh2', '$2b$12$GwgBVWga9DYzmHGV0P/ObOcID7xdPDB3Vgyap.tLXhrS4PVG0KHQG', 'minh2@gmail.com', NULL, 2, NULL);

-- --------------------------------------------------------

--
-- Table structure for table `view_history`
--

CREATE TABLE `view_history` (
  `id` int(11) NOT NULL,
  `user_id` int(11) DEFAULT NULL,
  `image_id` int(11) DEFAULT NULL,
  `timestamp` datetime DEFAULT current_timestamp()
) ENGINE=InnoDB DEFAULT CHARSET=utf8mb4 COLLATE=utf8mb4_general_ci;

--
-- Dumping data for table `view_history`
--

INSERT INTO `view_history` (`id`, `user_id`, `image_id`, `timestamp`) VALUES
(1, 10, 2, '2023-11-20 14:29:58'),
(2, 10, 3, '2023-11-20 14:30:33'),
(3, 10, 13, '2023-11-20 14:30:49'),
(4, 10, 13, '2023-11-20 14:33:37'),
(5, 10, 12, '2023-11-20 14:33:55'),
(6, 10, 11, '2023-11-20 14:39:09'),
(7, 10, 2, '2023-11-20 14:44:56'),
(8, 14, 2, '2023-11-20 15:31:28'),
(9, 10, 2, '2023-11-20 15:32:00'),
(10, 14, 2, '2023-11-20 15:33:35'),
(11, 14, 6, '2023-11-20 15:34:07'),
(12, 14, 2, '2023-11-20 15:43:29'),
(13, 14, 5, '2023-11-20 15:43:46'),
(14, 14, 2, '2023-11-20 15:45:00'),
(15, 14, 5, '2023-11-20 15:45:15'),
(16, 10, 5, '2023-11-20 15:47:15'),
(17, 10, 10, '2023-11-22 11:59:31'),
(18, 10, 3, '2023-11-22 13:15:19'),
(19, 14, 2, '2023-11-22 13:31:16'),
(20, 10, 2, '2023-11-22 13:38:54'),
(21, 10, 2, '2023-11-22 13:41:03'),
(22, 10, 3, '2023-11-22 13:41:24'),
(23, 10, 2, '2023-11-22 13:41:27'),
(24, 10, 2, '2023-11-22 13:41:37'),
(25, 10, 3, '2023-11-22 13:41:57'),
(26, 10, 3, '2023-11-22 13:43:09'),
(27, 10, 3, '2023-11-22 13:43:16'),
(28, 10, 2, '2023-11-22 13:44:43'),
(29, 10, 2, '2023-11-22 13:45:35'),
(30, 10, 2, '2023-11-22 13:45:49'),
(31, 10, 2, '2023-11-22 13:45:52'),
(32, 10, 2, '2023-11-22 13:46:00'),
(33, 10, 2, '2023-11-22 13:46:45'),
(34, 10, 2, '2023-11-22 13:47:54'),
(35, 10, 2, '2023-11-22 13:47:59'),
(36, 10, 2, '2023-11-22 13:50:41'),
(37, 10, 2, '2023-11-22 13:52:54'),
(38, 10, 2, '2023-11-22 13:53:57'),
(39, 10, 2, '2023-11-22 13:54:37'),
(40, 10, 2, '2023-11-22 13:55:28'),
(41, 10, 2, '2023-11-22 13:56:03'),
(42, 10, 2, '2023-11-22 13:56:20'),
(43, 10, 2, '2023-11-22 13:57:19'),
(44, 10, 2, '2023-11-22 13:58:04'),
(45, 10, 2, '2023-11-22 13:58:17'),
(46, 10, 2, '2023-11-22 13:58:44'),
(47, 10, 2, '2023-11-22 13:59:15'),
(48, 10, 7, '2023-11-22 14:00:00'),
(49, 10, 3, '2023-11-22 14:02:41'),
(50, 10, 15, '2023-11-22 14:26:49'),
(51, 14, 2, '2023-11-22 14:59:01'),
(52, 14, 2, '2023-11-22 14:59:36'),
(53, 14, 18, '2023-11-22 14:59:43'),
(54, 14, 18, '2023-11-22 16:00:04'),
(55, 14, 2, '2023-11-22 16:16:28'),
(56, 14, 17, '2023-11-22 16:25:49'),
(57, 14, 16, '2023-11-22 16:25:53'),
(58, 14, 15, '2023-11-22 16:25:57'),
(59, 14, 12, '2023-11-22 17:47:12'),
(60, 14, 12, '2023-11-22 17:48:28'),
(61, 14, 12, '2023-11-22 17:50:28'),
(62, 14, 7, '2023-11-23 12:22:49'),
(63, 14, 2, '2023-11-23 12:43:11'),
(64, 14, 5, '2023-11-23 12:43:15'),
(65, 14, 17, '2023-11-23 12:43:41'),
(66, 14, 12, '2023-11-23 12:43:55'),
(67, 10, 27, '2023-11-27 15:38:16'),
(68, 10, 27, '2023-11-27 15:40:23'),
(69, 10, 27, '2023-11-27 15:40:30'),
(70, 10, 27, '2023-11-27 15:41:01'),
(71, 10, 27, '2023-11-27 15:43:34'),
(72, 10, 27, '2023-11-27 15:43:46'),
(73, 10, 27, '2023-11-27 15:44:16'),
(74, 10, 2, '2023-12-04 21:26:46'),
(75, 10, 3, '2023-12-06 15:26:57'),
(76, 10, 3, '2023-12-06 15:28:41'),
(77, 10, 3, '2023-12-06 15:28:54'),
(78, 10, 3, '2023-12-06 15:29:11'),
(79, 10, 3, '2023-12-06 15:30:08'),
(80, 10, 2, '2023-12-06 15:30:16'),
(81, 10, 2, '2023-12-06 15:48:45'),
(82, 10, 2, '2023-12-06 15:49:45'),
(83, 10, 2, '2023-12-07 13:12:38'),
(84, 10, 2, '2023-12-07 13:14:15'),
(85, 10, 2, '2023-12-07 13:15:11'),
(86, 10, 2, '2023-12-07 13:15:22'),
(87, 10, 17, '2023-12-07 13:17:56'),
(88, 10, 2, '2023-12-07 13:37:30'),
(89, 10, 2, '2023-12-07 13:42:35'),
(90, 10, 2, '2023-12-07 13:42:45'),
(91, 10, 3, '2023-12-07 13:42:56'),
(92, 10, 3, '2023-12-07 13:43:03'),
(93, 10, 2, '2023-12-07 13:44:08'),
(94, 10, 3, '2023-12-07 13:44:15'),
(95, 10, 5, '2023-12-07 13:44:21'),
(96, 10, 12, '2023-12-07 13:44:27'),
(97, 10, 6, '2023-12-07 13:44:34'),
(98, 10, 6, '2023-12-07 13:45:58'),
(99, 10, 2, '2023-12-07 13:46:12'),
(100, 10, 2, '2023-12-07 13:46:15'),
(101, 14, 2, '2023-12-07 13:46:56'),
(102, 14, 2, '2023-12-07 13:47:47'),
(103, 14, 2, '2023-12-07 13:47:50'),
(104, 14, 2, '2023-12-07 13:47:53'),
(105, 14, 2, '2023-12-07 13:48:11'),
(106, 10, 2, '2023-12-07 16:12:44'),
(107, 10, 2, '2023-12-07 16:12:59'),
(108, 10, 2, '2023-12-07 16:17:08'),
(109, 10, 2, '2023-12-07 16:18:08'),
(110, 10, 2, '2023-12-07 16:20:01'),
(111, 10, 2, '2023-12-07 16:22:17'),
(112, 10, 3, '2023-12-07 16:22:36'),
(113, 10, 5, '2023-12-07 16:22:42'),
(114, 14, 2, '2023-12-08 15:58:43'),
(115, 14, 2, '2023-12-08 15:58:53'),
(116, 14, 2, '2023-12-08 15:59:26'),
(117, 14, 2, '2023-12-08 15:59:42'),
(118, 14, 3, '2023-12-08 15:59:54'),
(119, 14, 24, '2023-12-08 16:00:21'),
(120, 14, 24, '2023-12-08 16:00:44'),
(121, 14, 13, '2023-12-08 16:05:15'),
(122, 14, 13, '2023-12-08 16:08:18'),
(123, 14, 2, '2023-12-08 16:12:37'),
(124, 14, 27, '2023-12-08 16:12:46'),
(125, 14, 12, '2023-12-08 16:13:06'),
(126, 14, 12, '2023-12-08 16:14:03'),
(127, 14, 12, '2023-12-08 16:14:46'),
(128, 14, 2, '2023-12-08 16:14:56'),
(129, 14, 5, '2023-12-08 16:15:06'),
(130, 14, 14, '2023-12-08 16:15:21'),
(131, 14, 14, '2023-12-08 16:16:55'),
(132, 14, 14, '2023-12-08 16:17:03'),
(133, 14, 14, '2023-12-08 16:17:10'),
(134, 14, 20, '2023-12-08 16:17:16'),
(135, 10, 3, '2023-12-10 14:02:42'),
(136, 10, 3, '2023-12-10 14:06:22'),
(137, 10, 3, '2023-12-10 14:06:34'),
(138, 10, 3, '2023-12-10 14:06:53'),
(139, 10, 3, '2023-12-10 14:07:03'),
(140, 10, 3, '2023-12-10 14:07:35'),
(141, 10, 3, '2023-12-10 14:08:13'),
(142, 10, 3, '2023-12-10 14:08:33'),
(143, 10, 3, '2023-12-10 14:08:45'),
(144, 10, 3, '2023-12-10 14:09:05'),
(145, 10, 3, '2023-12-10 14:09:15'),
(146, 10, 2, '2023-12-10 14:11:11'),
(147, 10, 2, '2023-12-10 14:13:19'),
(148, 10, 2, '2023-12-10 14:13:54'),
(149, 10, 6, '2023-12-10 14:19:16'),
(150, 10, 6, '2023-12-10 14:20:01'),
(151, 10, 6, '2023-12-10 14:21:04'),
(152, 10, 6, '2023-12-10 14:21:24'),
(153, 10, 6, '2023-12-10 14:21:39'),
(154, 10, 6, '2023-12-10 14:21:56'),
(155, 10, 6, '2023-12-10 14:22:24'),
(156, 10, 6, '2023-12-10 14:23:32'),
(157, 10, 6, '2023-12-10 14:23:36'),
(158, 10, 6, '2023-12-10 14:24:02'),
(159, 10, 6, '2023-12-10 14:24:13'),
(160, 10, 6, '2023-12-10 14:25:30'),
(161, 10, 6, '2023-12-10 14:25:45'),
(162, 10, 6, '2023-12-10 14:26:11'),
(163, 10, 6, '2023-12-10 14:26:54'),
(164, 10, 6, '2023-12-10 14:27:30'),
(165, 10, 6, '2023-12-10 14:28:12'),
(166, 10, 6, '2023-12-10 14:28:41'),
(167, 10, 6, '2023-12-10 14:29:12'),
(168, 10, 6, '2023-12-10 14:29:29'),
(169, 10, 6, '2023-12-10 14:30:32'),
(170, 10, 6, '2023-12-10 14:30:56'),
(171, 10, 6, '2023-12-10 14:31:14'),
(172, 10, 6, '2023-12-10 14:31:35'),
(173, 10, 2, '2023-12-10 14:31:54'),
(174, 10, 2, '2023-12-10 14:33:29'),
(175, 10, 2, '2023-12-10 14:33:42'),
(176, 10, 2, '2023-12-10 14:34:18'),
(177, 10, 2, '2023-12-10 14:34:29'),
(178, 10, 2, '2023-12-10 14:35:17'),
(179, 10, 2, '2023-12-10 14:36:49'),
(180, 10, 2, '2023-12-10 14:37:12'),
(181, 10, 2, '2023-12-10 14:37:21'),
(182, 10, 2, '2023-12-10 14:37:36'),
(183, 10, 2, '2023-12-10 14:37:54'),
(184, 10, 2, '2023-12-10 14:38:10'),
(185, 10, 2, '2023-12-10 14:38:19'),
(186, 10, 2, '2023-12-10 14:38:39'),
(187, 10, 2, '2023-12-10 14:38:54'),
(188, 10, 2, '2023-12-10 14:39:09'),
(189, 10, 2, '2023-12-10 14:39:23'),
(190, 10, 2, '2023-12-10 14:41:43'),
(191, 10, 2, '2023-12-10 14:42:24'),
(192, 10, 2, '2023-12-10 14:43:17'),
(193, 10, 2, '2023-12-10 14:44:10'),
(194, 10, 15, '2023-12-10 14:44:45'),
(195, 10, 15, '2023-12-10 14:45:35'),
(196, 10, 15, '2023-12-10 14:45:58'),
(197, 10, 27, '2023-12-10 14:46:18'),
(198, 10, 27, '2023-12-10 14:47:30'),
(199, 10, 11, '2023-12-10 14:48:23'),
(200, 10, 3, '2023-12-10 14:50:42'),
(201, 10, 3, '2023-12-10 14:53:00'),
(202, 10, 3, '2023-12-10 14:53:02'),
(203, 10, 3, '2023-12-10 14:53:03'),
(204, 10, 3, '2023-12-10 14:55:56'),
(205, 10, 3, '2023-12-10 14:56:07'),
(206, 10, 3, '2023-12-10 14:56:33'),
(207, 10, 3, '2023-12-10 14:56:40'),
(208, 10, 5, '2023-12-10 14:57:11'),
(209, 10, 5, '2023-12-10 14:58:42'),
(210, 10, 5, '2023-12-10 14:59:05'),
(211, 10, 5, '2023-12-10 14:59:37'),
(212, 10, 5, '2023-12-10 14:59:50'),
(213, 10, 5, '2023-12-10 15:00:16'),
(214, 10, 5, '2023-12-10 15:00:41'),
(215, 10, 5, '2023-12-10 15:01:34'),
(216, 10, 5, '2023-12-10 15:01:54'),
(217, 10, 5, '2023-12-10 15:02:23'),
(218, 10, 13, '2023-12-10 15:02:58'),
(219, 10, 13, '2023-12-10 15:03:43'),
(220, 10, 13, '2023-12-10 15:04:03'),
(221, 10, 13, '2023-12-10 15:04:36'),
(222, 10, 13, '2023-12-10 15:04:49'),
(223, 10, 13, '2023-12-10 15:05:03'),
(224, 10, 13, '2023-12-10 15:05:11'),
(225, 10, 13, '2023-12-10 15:05:19'),
(226, 10, 13, '2023-12-10 15:06:20'),
(227, 10, 13, '2023-12-10 15:06:53'),
(228, 10, 13, '2023-12-10 15:07:06'),
(229, 10, 13, '2023-12-10 15:07:44'),
(230, 10, 13, '2023-12-10 15:07:56'),
(231, 10, 13, '2023-12-10 15:08:07'),
(232, 10, 13, '2023-12-10 15:08:12'),
(233, 10, 13, '2023-12-10 15:09:17'),
(234, 10, 3, '2023-12-10 15:09:39'),
(235, 10, 3, '2023-12-10 15:10:04'),
(236, 10, 12, '2023-12-10 15:11:23'),
(237, 10, 11, '2023-12-10 15:11:44'),
(238, 10, 6, '2023-12-10 15:11:54'),
(239, 10, 2, '2023-12-10 15:12:10'),
(240, 10, 5, '2023-12-10 15:12:20'),
(241, 10, 5, '2023-12-10 15:13:27'),
(242, 10, 5, '2023-12-10 15:14:03'),
(243, 10, 5, '2023-12-10 15:14:25'),
(244, 10, 5, '2023-12-10 15:15:25'),
(245, 10, 5, '2023-12-10 15:15:32'),
(246, 10, 5, '2023-12-10 15:15:53'),
(247, 10, 5, '2023-12-10 15:16:19'),
(248, 10, 5, '2023-12-10 15:16:41'),
(249, 10, 5, '2023-12-10 15:16:54'),
(250, 10, 5, '2023-12-10 15:17:37'),
(251, 10, 5, '2023-12-10 15:17:46'),
(252, 10, 5, '2023-12-10 15:18:24'),
(253, 10, 5, '2023-12-10 15:18:35'),
(254, 10, 5, '2023-12-10 15:18:43'),
(255, 10, 5, '2023-12-10 15:18:51'),
(256, 10, 5, '2023-12-10 15:19:01'),
(257, 10, 5, '2023-12-10 15:19:22'),
(258, 10, 5, '2023-12-10 15:21:03'),
(259, 10, 5, '2023-12-10 15:21:18'),
(260, 10, 5, '2023-12-10 15:21:34'),
(261, 10, 5, '2023-12-10 15:22:37'),
(262, 10, 5, '2023-12-10 15:22:56'),
(263, 10, 5, '2023-12-10 15:23:26'),
(264, 10, 5, '2023-12-10 15:23:36'),
(265, 10, 5, '2023-12-10 15:25:24'),
(266, 10, 5, '2023-12-10 15:25:54'),
(267, 10, 5, '2023-12-10 15:26:23'),
(268, 10, 2, '2023-12-10 15:26:37'),
(269, 10, 5, '2023-12-10 15:26:49'),
(270, 10, 6, '2023-12-10 15:26:56'),
(271, 10, 6, '2023-12-10 15:27:06'),
(272, 10, 6, '2023-12-10 15:27:10'),
(273, 10, 13, '2023-12-10 15:27:18'),
(274, 10, 15, '2023-12-10 15:27:23'),
(275, 10, 15, '2023-12-10 15:27:35'),
(276, 10, 15, '2023-12-10 15:27:50'),
(277, 10, 15, '2023-12-10 15:28:18'),
(278, 10, 15, '2023-12-10 15:28:40'),
(279, 10, 5, '2023-12-10 15:28:50'),
(280, 10, 3, '2023-12-10 15:28:57'),
(281, 10, 5, '2023-12-10 15:29:20'),
(282, 10, 5, '2023-12-10 15:29:34'),
(283, 10, 5, '2023-12-10 15:29:52'),
(284, 10, 5, '2023-12-10 15:30:02'),
(285, 10, 5, '2023-12-10 15:30:18'),
(286, 10, 5, '2023-12-10 15:30:41'),
(287, 10, 10, '2023-12-10 15:30:49'),
(288, 10, 6, '2023-12-10 15:31:00'),
(289, 10, 3, '2023-12-10 15:31:09'),
(290, 10, 3, '2023-12-10 15:31:48'),
(291, 10, 3, '2023-12-10 15:32:34'),
(292, 10, 3, '2023-12-10 15:33:25'),
(293, 10, 3, '2023-12-10 15:33:58'),
(294, 10, 3, '2023-12-10 15:35:04'),
(295, 10, 3, '2023-12-10 15:35:31'),
(296, 10, 3, '2023-12-10 15:36:26'),
(297, 10, 3, '2023-12-10 15:37:02'),
(298, 10, 3, '2023-12-10 15:38:43'),
(299, 10, 3, '2023-12-10 15:42:27'),
(300, 10, 3, '2023-12-10 15:43:35'),
(301, 10, 3, '2023-12-10 15:45:20'),
(302, 10, 3, '2023-12-10 15:45:29'),
(303, 10, 3, '2023-12-10 15:45:51'),
(304, 10, 3, '2023-12-10 15:46:14'),
(305, 10, 3, '2023-12-10 15:46:27'),
(306, 10, 5, '2023-12-11 14:28:24'),
(307, 10, 5, '2023-12-11 14:28:31'),
(308, 10, 5, '2023-12-11 14:28:37'),
(309, 10, 5, '2023-12-11 14:29:19'),
(310, 10, 5, '2023-12-11 14:29:21'),
(311, 10, 5, '2023-12-11 14:29:28'),
(312, 10, 2, '2023-12-11 14:29:55'),
(313, 10, 2, '2023-12-11 14:30:20'),
(314, 10, 2, '2023-12-11 14:32:06'),
(315, 10, 2, '2023-12-11 14:34:58'),
(316, 14, 2, '2023-12-11 14:47:34'),
(317, 10, 17, '2023-12-11 14:52:03'),
(318, 10, 2, '2023-12-11 15:16:42'),
(319, 10, 2, '2023-12-11 15:18:56'),
(320, 10, 6, '2023-12-11 15:26:48'),
(321, 10, 3, '2023-12-11 15:35:45'),
(322, 10, 12, '2023-12-11 16:04:00'),
(323, 10, 21, '2023-12-11 16:04:07'),
(324, 10, 12, '2023-12-15 15:22:36'),
(325, 10, 5, '2023-12-15 15:22:43'),
(326, 10, 3, '2023-12-15 15:22:48'),
(327, 10, 12, '2023-12-15 15:22:58'),
(328, 10, 12, '2023-12-15 15:24:02'),
(329, 10, 12, '2023-12-15 15:24:52'),
(330, 10, 2, '2023-12-16 09:06:15'),
(331, 10, 2, '2023-12-16 09:06:20'),
(332, 10, 2, '2023-12-16 09:09:57'),
(333, 10, 24, '2023-12-19 19:35:07'),
(334, 10, 27, '2023-12-20 03:03:49'),
(335, 10, 27, '2023-12-20 03:03:52'),
(336, 10, 11, '2023-12-20 03:15:24'),
(337, 10, 6, '2023-12-20 03:22:21'),
(338, 10, 18, '2023-12-20 03:23:26'),
(339, 10, 18, '2023-12-20 03:40:12'),
(340, 10, 3, '2023-12-20 15:53:28'),
(341, 10, 3, '2023-12-20 15:54:38'),
(342, 10, 3, '2023-12-20 15:55:49'),
(343, 10, 3, '2023-12-20 15:58:10'),
(344, 10, 11, '2023-12-20 16:23:55'),
(345, 10, 18, '2023-12-20 16:26:04'),
(346, 10, 11, '2023-12-20 16:31:32'),
(347, 10, 11, '2023-12-20 16:34:54'),
(348, 10, 6, '2023-12-21 16:15:48'),
(349, 10, 2, '2023-12-25 14:30:35'),
(350, 10, 2, '2023-12-25 14:37:28'),
(351, 10, 2, '2023-12-25 14:43:19'),
(352, 10, 28, '2023-12-25 14:53:29'),
(353, 10, 2, '2023-12-25 15:09:58'),
(354, 10, 2, '2023-12-25 15:11:31'),
(355, 10, 2, '2023-12-25 15:12:24'),
(356, 10, 2, '2023-12-25 15:12:28'),
(357, 10, 2, '2023-12-25 15:12:57'),
(358, 10, 2, '2023-12-25 15:13:07'),
(359, 10, 2, '2023-12-25 15:14:25'),
(360, 10, 2, '2023-12-25 15:14:35'),
(361, 10, 2, '2023-12-25 15:14:43'),
(362, 10, 2, '2023-12-25 15:17:50'),
(363, 10, 2, '2023-12-25 15:18:04'),
(364, 10, 2, '2023-12-25 15:18:45'),
(365, 10, 2, '2023-12-25 15:25:32'),
(366, 10, 2, '2023-12-25 15:25:48'),
(367, 10, 29, '2023-12-25 15:34:13'),
(368, 10, 29, '2023-12-25 15:35:03'),
(369, 10, 29, '2023-12-25 15:35:19'),
(370, 10, 14, '2023-12-25 15:35:55'),
(371, 10, 11, '2023-12-25 15:36:02'),
(372, 28, 11, '2023-12-28 16:15:16'),
(373, 10, 6, '2023-12-29 09:19:17'),
(374, 10, 10, '2023-12-29 09:19:59'),
(375, 10, 10, '2023-12-29 09:20:58'),
(376, 10, 2, '2024-01-02 09:55:11'),
(377, 10, 2, '2024-01-02 10:00:07'),
(378, 10, 12, '2024-01-02 10:00:16'),
(379, 10, 12, '2024-01-02 10:27:03'),
(380, 10, 30, '2024-01-02 15:10:54'),
(381, 10, 28, '2024-01-02 15:11:22'),
(382, 10, 30, '2024-01-02 15:11:29'),
(383, 10, 31, '2024-01-02 15:14:57'),
(384, 10, 31, '2024-01-02 15:19:48'),
(385, 10, 33, '2024-01-02 15:21:44'),
(386, 10, 34, '2024-01-02 15:22:36'),
(387, 10, 35, '2024-01-02 15:38:38'),
(388, 10, 35, '2024-01-02 15:39:53'),
(389, 10, 36, '2024-01-02 15:40:28'),
(390, 10, 37, '2024-01-02 15:46:24'),
(391, 10, 38, '2024-01-02 15:49:11'),
(392, 28, 34, '2024-01-03 14:14:36'),
(393, 28, 3, '2024-01-04 08:27:29'),
(394, 28, 5, '2024-01-04 08:27:45'),
(395, 28, 12, '2024-01-04 08:27:53'),
(396, 28, 2, '2024-01-04 08:31:07'),
(397, 28, 2, '2024-01-04 08:31:10'),
(398, 28, 12, '2024-01-04 08:31:35'),
(399, 28, 12, '2024-01-04 08:31:38'),
(400, 28, 19, '2024-01-04 08:31:44'),
(401, 28, 19, '2024-01-04 08:31:47'),
(402, 28, 16, '2024-01-04 08:31:53'),
(403, 28, 16, '2024-01-04 08:31:56'),
(404, 28, 17, '2024-01-04 08:32:37'),
(405, 28, 17, '2024-01-04 08:32:40'),
(406, 28, 28, '2024-01-04 08:32:47'),
(407, 28, 28, '2024-01-04 08:32:50'),
(408, 28, 6, '2024-01-05 15:28:17'),
(409, 28, 17, '2024-01-05 15:28:51'),
(410, 28, 38, '2024-01-05 15:29:00'),
(411, 28, 19, '2024-01-05 16:25:37'),
(412, 28, 2, '2024-01-05 16:56:38'),
(413, 28, 2, '2024-01-05 16:57:15'),
(414, 28, 2, '2024-01-05 16:57:38'),
(415, 28, 2, '2024-01-05 16:59:57'),
(416, 28, 2, '2024-01-05 17:00:54'),
(417, 28, 2, '2024-01-05 17:02:26'),
(418, 28, 5, '2024-01-05 17:04:00'),
(419, 28, 5, '2024-01-05 17:04:54'),
(420, 28, 5, '2024-01-05 17:05:50'),
(421, 28, 5, '2024-01-05 17:05:59'),
(422, 28, 12, '2024-01-05 17:23:29'),
(423, 28, 12, '2024-01-05 17:23:34'),
(424, 28, 12, '2024-01-05 17:30:48'),
(425, 28, 12, '2024-01-05 17:30:53'),
(426, 28, 12, '2024-01-05 17:33:19'),
(427, 28, 10, '2024-01-05 17:33:29'),
(428, 28, 10, '2024-01-05 17:33:34'),
(429, 28, 10, '2024-01-05 17:33:40'),
(430, 28, 10, '2024-01-05 17:34:48'),
(431, 28, 10, '2024-01-05 17:34:53'),
(432, 28, 10, '2024-01-05 17:36:42'),
(433, 28, 10, '2024-01-05 17:36:47'),
(434, 28, 10, '2024-01-05 17:36:53'),
(435, 28, 10, '2024-01-05 17:37:00'),
(436, 28, 12, '2024-01-05 17:39:39'),
(437, 28, 12, '2024-01-05 17:39:51'),
(438, 28, 11, '2024-01-05 17:39:58'),
(439, 28, 11, '2024-01-05 17:40:03'),
(440, 28, 11, '2024-01-05 17:50:33'),
(441, 28, 11, '2024-01-05 17:50:37'),
(442, 28, 39, '2024-01-06 15:07:50'),
(443, 28, 42, '2024-01-06 15:09:55'),
(444, 28, 41, '2024-01-06 15:22:56'),
(445, 28, 12, '2024-01-06 15:23:11'),
(446, 28, 40, '2024-01-06 15:24:19'),
(447, 28, 12, '2024-01-06 15:24:30'),
(448, 28, 10, '2024-01-06 15:24:42'),
(449, 28, 45, '2024-01-06 15:24:57'),
(450, 10, 43, '2024-01-06 15:29:04'),
(451, 28, 43, '2024-01-06 15:29:32'),
(452, 28, 6, '2024-01-06 15:29:42'),
(453, 28, 16, '2024-01-06 15:29:56'),
(454, 28, 12, '2024-01-06 15:30:12'),
(455, 28, 5, '2024-01-06 15:35:45'),
(456, 28, 17, '2024-01-06 15:36:03'),
(457, 28, 5, '2024-01-06 15:40:13'),
(458, 28, 5, '2024-01-06 15:40:34'),
(459, 28, 10, '2024-01-06 15:41:34'),
(460, 28, 43, '2024-01-06 15:41:51'),
(461, 28, 3, '2024-01-06 15:47:02'),
(462, 28, 3, '2024-01-06 15:47:06'),
(463, 28, 3, '2024-01-06 15:47:09'),
(464, 28, 38, '2024-01-06 17:21:49'),
(465, 28, 12, '2024-01-07 01:17:45'),
(466, 28, 11, '2024-01-07 01:18:12'),
(467, 28, 5, '2024-01-07 02:14:52'),
(468, 10, 5, '2024-01-10 15:50:25'),
(469, 10, 5, '2024-01-10 15:50:34'),
(470, 10, 48, '2024-01-10 15:50:46'),
(471, 10, 48, '2024-01-10 15:50:51'),
(472, 28, 45, '2024-01-10 15:52:09'),
(473, 28, 45, '2024-01-10 15:52:24'),
(474, 10, 48, '2024-01-11 14:40:58'),
(475, 10, 50, '2024-01-11 14:41:03'),
(476, 10, 5, '2024-01-11 14:42:51'),
(477, 10, 6, '2024-01-11 14:42:55'),
(478, 28, 5, '2024-01-11 16:34:29'),
(479, 28, 49, '2024-01-11 16:34:42'),
(480, 28, 52, '2024-01-11 16:34:58'),
(481, 28, 50, '2024-01-11 16:35:03'),
(482, 28, 48, '2024-01-11 16:35:09'),
(483, 28, 2, '2024-01-11 16:35:30'),
(484, 28, 2, '2024-01-11 16:36:00'),
(485, 28, 2, '2024-01-11 16:36:20'),
(486, 10, 5, '2024-01-12 08:00:25'),
(487, 28, 15, '2024-01-12 08:13:18'),
(488, 28, 15, '2024-01-12 08:14:49'),
(489, 28, 15, '2024-01-12 08:15:11'),
(490, 28, 15, '2024-01-12 08:17:12'),
(491, 28, 15, '2024-01-12 08:17:32'),
(492, 28, 15, '2024-01-12 08:18:16'),
(493, 28, 15, '2024-01-12 08:18:36'),
(494, 28, 15, '2024-01-12 08:18:50'),
(495, 28, 51, '2024-01-12 08:19:08'),
(496, 28, 51, '2024-01-12 08:19:12'),
(497, 28, 12, '2024-01-12 08:24:30'),
(498, 28, 45, '2024-01-12 09:03:47'),
(499, 28, 40, '2024-01-12 09:04:56'),
(500, 28, 52, '2024-01-12 21:38:56'),
(501, 28, 52, '2024-01-12 21:39:00'),
(502, 28, 51, '2024-01-12 21:39:07'),
(503, 28, 51, '2024-01-12 21:39:11'),
(504, 28, 48, '2024-01-12 21:39:20'),
(505, 28, 42, '2024-01-12 21:39:45'),
(506, 28, 5, '2024-01-12 21:41:56'),
(507, 28, 5, '2024-01-12 21:42:12'),
(508, 28, 5, '2024-01-12 22:08:51'),
(509, 28, 41, '2024-01-12 22:18:15'),
(510, 28, 41, '2024-01-12 22:18:22'),
(511, 28, 41, '2024-01-12 22:18:43'),
(512, 28, 41, '2024-01-13 00:42:41'),
(513, 28, 41, '2024-01-13 02:20:38');

--
-- Indexes for dumped tables
--

--
-- Indexes for table `album`
--
ALTER TABLE `album`
  ADD PRIMARY KEY (`id`),
  ADD KEY `user_id` (`user_id`);

--
-- Indexes for table `chat_message`
--
ALTER TABLE `chat_message`
  ADD PRIMARY KEY (`id`),
  ADD KEY `sender_id` (`sender_id`),
  ADD KEY `receiver_id` (`receiver_id`);

--
-- Indexes for table `comment`
--
ALTER TABLE `comment`
  ADD PRIMARY KEY (`id`),
  ADD KEY `user_id` (`user_id`),
  ADD KEY `image_id` (`image_id`);

--
-- Indexes for table `follow`
--
ALTER TABLE `follow`
  ADD PRIMARY KEY (`id`),
  ADD KEY `follower_id` (`follower_id`),
  ADD KEY `following_id` (`following_id`);

--
-- Indexes for table `hashtag`
--
ALTER TABLE `hashtag`
  ADD PRIMARY KEY (`id`),
  ADD UNIQUE KEY `name` (`name`);

--
-- Indexes for table `image`
--
ALTER TABLE `image`
  ADD PRIMARY KEY (`id`),
  ADD KEY `user_id` (`user_id`),
  ADD KEY `fk_image_album` (`album_id`);

--
-- Indexes for table `image_hashtags`
--
ALTER TABLE `image_hashtags`
  ADD PRIMARY KEY (`id`),
  ADD KEY `image_id` (`image_id`),
  ADD KEY `hashtag_id` (`hashtag_id`);

--
-- Indexes for table `like`
--
ALTER TABLE `like`
  ADD PRIMARY KEY (`id`),
  ADD KEY `user_id` (`user_id`),
  ADD KEY `image_id` (`image_id`);

--
-- Indexes for table `notification`
--
ALTER TABLE `notification`
  ADD PRIMARY KEY (`id`),
  ADD KEY `user_id` (`user_id`);

--
-- Indexes for table `pinned_image`
--
ALTER TABLE `pinned_image`
  ADD PRIMARY KEY (`id`),
  ADD KEY `image_id` (`image_id`),
  ADD KEY `pin_board_id` (`pin_board_id`);

--
-- Indexes for table `pin_board`
--
ALTER TABLE `pin_board`
  ADD PRIMARY KEY (`id`),
  ADD KEY `user_id` (`user_id`);

--
-- Indexes for table `report_image`
--
ALTER TABLE `report_image`
  ADD PRIMARY KEY (`id`),
  ADD KEY `user_id` (`user_id`),
  ADD KEY `image_id` (`image_id`);

--
-- Indexes for table `savedimage`
--
ALTER TABLE `savedimage`
  ADD PRIMARY KEY (`id`),
  ADD KEY `user_id` (`user_id`),
  ADD KEY `image_id` (`image_id`);

--
-- Indexes for table `user`
--
ALTER TABLE `user`
  ADD PRIMARY KEY (`id`),
  ADD UNIQUE KEY `username` (`username`),
  ADD UNIQUE KEY `email` (`email`);

--
-- Indexes for table `view_history`
--
ALTER TABLE `view_history`
  ADD PRIMARY KEY (`id`),
  ADD KEY `user_id` (`user_id`),
  ADD KEY `image_id` (`image_id`);

--
-- AUTO_INCREMENT for dumped tables
--

--
-- AUTO_INCREMENT for table `album`
--
ALTER TABLE `album`
  MODIFY `id` int(11) NOT NULL AUTO_INCREMENT, AUTO_INCREMENT=9;

--
-- AUTO_INCREMENT for table `chat_message`
--
ALTER TABLE `chat_message`
  MODIFY `id` int(11) NOT NULL AUTO_INCREMENT, AUTO_INCREMENT=8;

--
-- AUTO_INCREMENT for table `comment`
--
ALTER TABLE `comment`
  MODIFY `id` int(11) NOT NULL AUTO_INCREMENT, AUTO_INCREMENT=15;

--
-- AUTO_INCREMENT for table `follow`
--
ALTER TABLE `follow`
  MODIFY `id` int(11) NOT NULL AUTO_INCREMENT, AUTO_INCREMENT=54;

--
-- AUTO_INCREMENT for table `hashtag`
--
ALTER TABLE `hashtag`
  MODIFY `id` int(11) NOT NULL AUTO_INCREMENT, AUTO_INCREMENT=26;

--
-- AUTO_INCREMENT for table `image`
--
ALTER TABLE `image`
  MODIFY `id` int(11) NOT NULL AUTO_INCREMENT, AUTO_INCREMENT=53;

--
-- AUTO_INCREMENT for table `image_hashtags`
--
ALTER TABLE `image_hashtags`
  MODIFY `id` int(11) NOT NULL AUTO_INCREMENT, AUTO_INCREMENT=91;

--
-- AUTO_INCREMENT for table `like`
--
ALTER TABLE `like`
  MODIFY `id` int(11) NOT NULL AUTO_INCREMENT, AUTO_INCREMENT=46;

--
-- AUTO_INCREMENT for table `notification`
--
ALTER TABLE `notification`
  MODIFY `id` int(11) NOT NULL AUTO_INCREMENT;

--
-- AUTO_INCREMENT for table `pinned_image`
--
ALTER TABLE `pinned_image`
  MODIFY `id` int(11) NOT NULL AUTO_INCREMENT, AUTO_INCREMENT=13;

--
-- AUTO_INCREMENT for table `pin_board`
--
ALTER TABLE `pin_board`
  MODIFY `id` int(11) NOT NULL AUTO_INCREMENT, AUTO_INCREMENT=7;

--
-- AUTO_INCREMENT for table `report_image`
--
ALTER TABLE `report_image`
  MODIFY `id` int(11) NOT NULL AUTO_INCREMENT, AUTO_INCREMENT=4;

--
-- AUTO_INCREMENT for table `savedimage`
--
ALTER TABLE `savedimage`
  MODIFY `id` int(11) NOT NULL AUTO_INCREMENT, AUTO_INCREMENT=11;

--
-- AUTO_INCREMENT for table `user`
--
ALTER TABLE `user`
  MODIFY `id` int(11) NOT NULL AUTO_INCREMENT, AUTO_INCREMENT=30;

--
-- AUTO_INCREMENT for table `view_history`
--
ALTER TABLE `view_history`
  MODIFY `id` int(11) NOT NULL AUTO_INCREMENT, AUTO_INCREMENT=514;

--
-- Constraints for dumped tables
--

--
-- Constraints for table `album`
--
ALTER TABLE `album`
  ADD CONSTRAINT `album_ibfk_1` FOREIGN KEY (`user_id`) REFERENCES `user` (`id`);

--
-- Constraints for table `chat_message`
--
ALTER TABLE `chat_message`
  ADD CONSTRAINT `chat_message_ibfk_1` FOREIGN KEY (`sender_id`) REFERENCES `user` (`id`),
  ADD CONSTRAINT `chat_message_ibfk_2` FOREIGN KEY (`receiver_id`) REFERENCES `user` (`id`);

--
-- Constraints for table `comment`
--
ALTER TABLE `comment`
  ADD CONSTRAINT `comment_ibfk_1` FOREIGN KEY (`user_id`) REFERENCES `user` (`id`),
  ADD CONSTRAINT `comment_ibfk_2` FOREIGN KEY (`image_id`) REFERENCES `image` (`id`);

--
-- Constraints for table `follow`
--
ALTER TABLE `follow`
  ADD CONSTRAINT `follow_ibfk_1` FOREIGN KEY (`follower_id`) REFERENCES `user` (`id`),
  ADD CONSTRAINT `follow_ibfk_2` FOREIGN KEY (`following_id`) REFERENCES `user` (`id`);

--
-- Constraints for table `image`
--
ALTER TABLE `image`
  ADD CONSTRAINT `fk_image_album` FOREIGN KEY (`album_id`) REFERENCES `album` (`id`),
  ADD CONSTRAINT `image_ibfk_1` FOREIGN KEY (`user_id`) REFERENCES `user` (`id`);

--
-- Constraints for table `image_hashtags`
--
ALTER TABLE `image_hashtags`
  ADD CONSTRAINT `image_hashtags_ibfk_1` FOREIGN KEY (`image_id`) REFERENCES `image` (`id`),
  ADD CONSTRAINT `image_hashtags_ibfk_2` FOREIGN KEY (`hashtag_id`) REFERENCES `hashtag` (`id`);

--
-- Constraints for table `like`
--
ALTER TABLE `like`
  ADD CONSTRAINT `like_ibfk_1` FOREIGN KEY (`user_id`) REFERENCES `user` (`id`),
  ADD CONSTRAINT `like_ibfk_2` FOREIGN KEY (`image_id`) REFERENCES `image` (`id`);

--
-- Constraints for table `notification`
--
ALTER TABLE `notification`
  ADD CONSTRAINT `notification_ibfk_1` FOREIGN KEY (`user_id`) REFERENCES `user` (`id`);

--
-- Constraints for table `pinned_image`
--
ALTER TABLE `pinned_image`
  ADD CONSTRAINT `pinned_image_ibfk_1` FOREIGN KEY (`image_id`) REFERENCES `image` (`id`),
  ADD CONSTRAINT `pinned_image_ibfk_2` FOREIGN KEY (`pin_board_id`) REFERENCES `pin_board` (`id`);

--
-- Constraints for table `pin_board`
--
ALTER TABLE `pin_board`
  ADD CONSTRAINT `pin_board_ibfk_1` FOREIGN KEY (`user_id`) REFERENCES `user` (`id`);

--
-- Constraints for table `report_image`
--
ALTER TABLE `report_image`
  ADD CONSTRAINT `report_image_ibfk_1` FOREIGN KEY (`user_id`) REFERENCES `user` (`id`),
  ADD CONSTRAINT `report_image_ibfk_2` FOREIGN KEY (`image_id`) REFERENCES `image` (`id`);

--
-- Constraints for table `savedimage`
--
ALTER TABLE `savedimage`
  ADD CONSTRAINT `savedimage_ibfk_1` FOREIGN KEY (`user_id`) REFERENCES `user` (`id`),
  ADD CONSTRAINT `savedimage_ibfk_2` FOREIGN KEY (`image_id`) REFERENCES `image` (`id`);

--
-- Constraints for table `view_history`
--
ALTER TABLE `view_history`
  ADD CONSTRAINT `view_history_ibfk_1` FOREIGN KEY (`user_id`) REFERENCES `user` (`id`),
  ADD CONSTRAINT `view_history_ibfk_2` FOREIGN KEY (`image_id`) REFERENCES `image` (`id`);
COMMIT;

/*!40101 SET CHARACTER_SET_CLIENT=@OLD_CHARACTER_SET_CLIENT */;
/*!40101 SET CHARACTER_SET_RESULTS=@OLD_CHARACTER_SET_RESULTS */;
/*!40101 SET COLLATION_CONNECTION=@OLD_COLLATION_CONNECTION */;
